{
  "module": "Module 1",
  "activities": [
    {
      "verb": "experienced",
      "object": "WelcomeCarousel"
    },
    {
      "verb": "answered",
      "object": "QuizItem",
      "context": "HIPAA"
    },
    {
      "verb": "completed",
      "object": "M1_FinalQuiz"
    },
    {
      "verb": "attended",
      "object": "LiveSession_M1_Kickoff"
    },
    {
      "verb": "submitted",
      "object": "AcknowledgmentForm"
    }
  ],
  "extensions": {
    "voiceAccent": "American Neutral",
    "tts": true,
    "deliveryType": "online_live"
  }
}