{
  "activities": [
    {
      "id": "M1_H5P_WelcomeCarousel",
      "type": "CoursePresentation",
      "slides": [
        {
          "title": "Program Overview",
          "voiceOver": "[TTS] Welcome to AADA's Dental Assistant Certificate Program."
        },
        {
          "title": "Meet Your Instructors",
          "voiceOver": "[TTS] Let's meet your faculty."
        }
      ]
    },
    {
      "id": "M1_H5P_EthicsBranching",
      "type": "BranchingScenario",
      "branches": [
        {
          "situation": "Coworker violates HIPAA",
          "options": [
            "Report",
            "Ignore"
          ],
          "correct": "Report"
        }
      ]
    },
    {
      "id": "M1_H5P_HIPAAHotspot",
      "type": "InteractiveVideo",
      "media": "hipaa_intro.mp4",
      "hotspots": [
        {
          "time": 12,
          "action": "Cover patient file",
          "voiceOver": "[TTS] Always protect patient information."
        }
      ]
    },
    {
      "id": "M1_H5P_DialogCards",
      "type": "DialogCards",
      "cards": [
        {
          "front": "Patient asks about delay",
          "back": "Thank you for your patience and understanding."
        },
        {
          "front": "Coworker forgot gloves",
          "back": "Let's grab a new pair before continuing."
        }
      ]
    }
  ]
}